,Run1_1pM Pb_E1,Run2_1pM Pb_E1,Run3_1pM Pb_E1,Run4_1pM Pb_E1,Run5_1pM Pb_E1,Run6_1pM Pb_E1,Run7_1pM Pb_E1,CQD1_1pM Pb_E1,CQD2_1pM Pb_E1,CQD3_1pM Pb_E1,CQD4_1pM Pb_E1,CQD5_1pM Pb_E1,CQD6_1pM Pb_E1,CQD7_1pM Pb_E1,Run1_5pM Pb_E1,Run2_5pM Pb_E1,Run3_5pM Pb_E1,Run4_5pM Pb_E1,Run5_5pM Pb_E1,Run6_5pM Pb_E1,Run7_5pM Pb_E1,CQD1_5pM Pb_E1,CQD2_5pM Pb_E1,CQD3_5pM Pb_E1,CQD4_5pM Pb_E1,CQD5_5pM Pb_E1,CQD6_5pM Pb_E1,CQD7_5pM Pb_E1,Run1_1pM Pb_E2,Run2_1pM Pb_E2,Run3_1pM Pb_E2,Run4_1pM Pb_E2,Run5_1pM Pb_E2,Run6_1pM Pb_E2,Run7_1pM Pb_E2,CQD1_1pM Pb_E2,CQD2_1pM Pb_E2,CQD3_1pM Pb_E2,CQD4_1pM Pb_E2,CQD5_1pM Pb_E2,CQD6_1pM Pb_E2,CQD7_1pM Pb_E2,Run1_5pM Pb_E2,Run2_5pM Pb_E2,Run3_5pM Pb_E2,Run4_5pM Pb_E2,Run5_5pM Pb_E2,Run6_5pM Pb_E2,Run7_5pM Pb_E2,CQD1_5pM Pb_E2,CQD2_5pM Pb_E2,CQD3_5pM Pb_E2,CQD4_5pM Pb_E2,CQD5_5pM Pb_E2,CQD6_5pM Pb_E2,CQD7_5pM Pb_E2,Run1_1pM Pb_E3,Run2_1pM Pb_E3,Run3_1pM Pb_E3,Run4_1pM Pb_E3,Run5_1pM Pb_E3,Run6_1pM Pb_E3,Run7_1pM Pb_E3,CQD1_1pM Pb_E3,CQD2_1pM Pb_E3,CQD3_1pM Pb_E3,CQD4_1pM Pb_E3,CQD5_1pM Pb_E3,CQD6_1pM Pb_E3,CQD7_1pM Pb_E3,Run1_5pM Pb_E3,Run2_5pM Pb_E3,Run3_5pM Pb_E3,Run4_5pM Pb_E3,Run5_5pM Pb_E3,Run6_5pM Pb_E3,Run7_5pM Pb_E3,CQD1_5pM Pb_E3,CQD2_5pM Pb_E3,CQD3_5pM Pb_E3,CQD4_5pM Pb_E3,CQD5_5pM Pb_E3,CQD6_5pM Pb_E3,CQD7_5pM Pb_E3,Run1_1pM Pb_E4,Run2_1pM Pb_E4,Run3_1pM Pb_E4,Run4_1pM Pb_E4,Run5_1pM Pb_E4,Run6_1pM Pb_E4,Run7_1pM Pb_E4,CQD1_1pM Pb_E4,CQD2_1pM Pb_E4,CQD3_1pM Pb_E4,CQD4_1pM Pb_E4,CQD5_1pM Pb_E4,CQD6_1pM Pb_E4,CQD7_1pM Pb_E4,Run1_5pM Pb_E4,Run2_5pM Pb_E4,Run3_5pM Pb_E4,Run4_5pM Pb_E4,Run5_5pM Pb_E4,Run6_5pM Pb_E4,Run7_5pM Pb_E4,CQD1_5pM Pb_E4,CQD2_5pM Pb_E4,CQD3_5pM Pb_E4,CQD4_5pM Pb_E4,CQD5_5pM Pb_E4,CQD6_5pM Pb_E4,CQD7_5pM Pb_E4,Run1_1pM Pb_E5,Run2_1pM Pb_E5,Run3_1pM Pb_E5,Run4_1pM Pb_E5,Run5_1pM Pb_E5,Run6_1pM Pb_E5,Run7_1pM Pb_E5,CQD1_1pM Pb_E5,CQD2_1pM Pb_E5,CQD3_1pM Pb_E5,CQD4_1pM Pb_E5,CQD5_1pM Pb_E5,CQD6_1pM Pb_E5,CQD7_1pM Pb_E5,Run1_5pM Pb_E5,Run2_5pM Pb_E5,Run3_5pM Pb_E5,Run4_5pM Pb_E5,Run5_5pM Pb_E5,Run6_5pM Pb_E5,Run7_5pM Pb_E5,CQD1_5pM Pb_E5,CQD2_5pM Pb_E5,CQD3_5pM Pb_E5,CQD4_5pM Pb_E5,CQD5_5pM Pb_E5,CQD6_5pM Pb_E5,CQD7_5pM Pb_E5
79,889.1448364,880.1628418,882.3603516,887.4754028,887.2716064,885.4578247,888.1953735,973.8557739,971.4135742,970.6329346,976.7617188,977.8584595,970.1727295,972.1781006,883.8228149,881.8670654,877.5237427,879.3924561,883.3074341,885.4993286,884.2020264,966.635437,969.3646851,962.9755859,960.1652222,961.1004028,961.7279663,960.5631714,890.0037231,890.9180298,890.067688,892.4264526,890.2078247,890.2085571,891.1287842,977.1495361,973.3907471,974.1088867,973.7150269,977.6685791,979.390686,976.9258423,889.1169434,890.0745239,887.5615845,892.0102539,892.5974121,888.0418701,888.3012695,978.7247314,980.4538574,972.5342407,979.9938354,974.4822388,980.0303345,980.9514771,896.4277954,891.9666748,891.2512817,890.9730835,890.0230713,890.0018311,887.8787231,974.5783081,975.0081177,970.5801392,975.4771729,976.9452515,975.6688232,974.253418,865.7462158,868.3538818,860.7565918,864.8987427,866.5027466,865.9859619,866.6447754,942.7440186,953.2236328,954.1112061,949.5848389,946.4020996,952.0907593,946.0115967,880.4025879,884.0767822,885.2284546,881.9378662,880.7581787,882.9431152,883.6047363,961.8429565,963.6969604,960.6266479,960.8495483,960.2532349,968.0162964,966.3531494,853.1203003,853.6276245,851.7755737,854.7502441,854.741394,849.9898071,852.550293,947.7686157,951.0232544,950.8500977,957.1768188,949.2355347,949.7714844,946.6574707,901.5737305,901.1350708,902.6196289,909.5175171,900.230957,898.9610596,902.8250732,978.6459351,975.6744995,976.753418,982.574646,976.8989258,973.8157349,973.8707886,868.2537842,870.7724609,867.9765625,870.6112061,869.2807617,873.6433716,868.8210449,968.7804565,978.499939,969.8942871,970.2495117,967.8146362,973.3318481,969.6950684
81,888.6119385,884.835022,882.2412109,886.0059204,894.2241821,894.9099121,891.5274048,978.9863892,978.4041138,980.8190308,979.6063232,982.427063,978.0032959,978.7574463,886.3536377,889.6532593,883.5800781,882.2166748,887.5623169,895.4968872,886.0463257,976.9223633,967.0084839,969.5259399,968.1408081,970.9204712,966.725769,974.4068604,896.6084595,895.9135742,895.3226929,900.081665,896.5527954,895.3087158,900.3952026,986.8017578,982.0994873,982.2306519,979.350647,981.8690796,978.1146851,979.5829468,898.1412354,891.7868652,894.4936523,893.4763794,899.9262085,891.7631226,891.7401733,983.3109131,985.3272095,982.6312866,978.7503052,980.246582,982.1182861,982.7918701,898.4627686,891.7296753,895.8171387,897.807373,895.3999634,896.0568848,896.8152466,976.5195313,983.0349731,982.5562744,978.4542847,986.1638184,986.6417847,977.6543579,865.6744385,869.6602173,867.0219727,870.043457,869.3554077,864.8046265,864.1821289,952.7246704,955.2980957,955.0469971,953.8218994,954.2856445,957.2689819,955.5858765,888.4797974,887.034729,887.2606812,882.2133179,887.4522705,883.3146973,884.3369141,965.8634033,969.4049072,970.1439209,964.6989746,973.8962402,966.8972778,964.6444092,858.7850342,857.6856079,854.8203735,858.6011353,857.4649048,853.8848267,857.3790894,953.5262451,960.8886719,954.539856,957.0918579,951.7651978,951.9072876,952.4208984,906.1589355,907.2383423,906.3591309,903.1884155,909.6282959,907.0697021,905.4204712,981.3887939,982.1393433,980.1791382,981.026001,983.9860229,984.1898193,981.090332,869.34729,869.8218384,869.1101074,873.7316895,869.3652954,874.4117432,871.0531616,978.5134888,977.5910034,972.7650146,973.6907959,977.4179077,972.9110107,974.4473267
83,897.2711182,892.0333252,889.1893311,891.119873,896.1610107,893.8481445,895.5672607,983.8162231,981.9813843,978.7784424,987.7441406,979.0955811,978.5349121,978.0315552,892.4647217,887.298584,881.4545288,883.5059204,891.1122437,894.1040039,894.5256958,973.4419556,971.2062378,967.2532349,972.4794922,968.5610962,974.3197021,970.5670166,894.8295288,901.1074219,898.1930542,896.0297852,899.8877563,899.2712402,898.7751465,977.5471802,981.1954346,982.1417236,978.7329712,981.4052734,977.843689,983.8139648,898.0569458,897.7766113,896.9443359,896.9271851,894.8255005,893.9296875,894.182251,983.5592651,987.3545532,981.4586792,978.8267212,983.2141113,987.8717651,984.6268921,903.0685425,900.3889771,894.7545776,899.4048462,899.7312622,900.4055786,896.1801147,978.8413696,985.7473755,984.0488892,978.8060303,983.710083,982.2098999,979.1791992,873.2230835,871.5592041,868.6801147,870.4412231,866.7280884,870.4316406,866.0892334,951.9232788,954.6975098,954.0796509,951.4935913,952.6359863,956.477417,951.2367554,887.8318481,888.9933472,887.946106,886.8222656,893.041626,890.901062,886.6644897,970.2216187,965.8493042,968.4310913,972.3416138,968.3268433,973.9226074,968.1965942,859.5233765,860.8867188,858.6125488,865.8146362,858.7653809,856.1051025,861.1873779,955.9873657,959.0332031,957.8044434,957.4921265,955.4120483,956.5897217,955.164978,907.6094971,910.5440063,905.0839233,909.5387573,905.986084,908.1564941,907.1837158,984.3604736,986.4943237,981.2618408,983.4412231,983.8566895,982.3951416,981.8167725,874.2386475,876.8840332,875.2608643,876.5053101,873.8306885,877.0244751,872.5354614,976.0911255,982.5877075,978.1531982,977.7957153,984.1342773,974.3952637,975.2067261
84,891.3618774,889.2787476,886.4028931,898.6964722,896.0230103,899.986145,891.8952637,980.5338745,984.6995239,982.7572632,981.4301147,984.7686157,977.7590942,980.5639038,884.7613525,886.1243896,883.9987183,886.9921875,888.8427734,888.616394,893.3974609,975.9898071,970.1664429,970.1112061,972.4278564,966.8983765,966.4907227,966.675293,899.1038208,896.9830933,895.0810547,897.406311,898.3530884,895.4883423,897.296875,987.6126099,981.2862549,981.4074707,977.0997314,985.5834961,982.8536987,981.7253418,894.1386719,894.5488892,897.1829834,894.3922119,897.5402832,892.0400391,894.0819702,981.4072876,985.953186,984.4957886,980.9761963,981.6569214,982.6257935,980.2121582,898.2880249,899.5125122,899.4130249,898.0702515,897.0275269,897.7693481,897.2276611,981.0962524,982.8800659,981.0825195,984.1697998,983.2799683,984.7696533,980.0527954,872.258667,870.3643799,866.3252563,872.8701172,865.2839355,872.1938477,872.2744141,953.925354,957.0267944,953.3094482,956.4095459,952.6824341,955.5500488,957.0522461,892.7466431,891.6264038,891.2664795,888.2444458,891.743103,892.5740967,890.0091553,967.7260742,972.0903931,969.1738892,964.0272217,966.8323975,971.7432251,966.6691895,860.4541626,864.4629517,862.8770142,859.711853,858.9865723,858.5032959,862.1276855,958.0734863,959.2525024,959.0098267,959.1641235,958.5856323,959.4511108,955.8134766,906.449585,912.1690674,906.1696167,911.7985229,908.5345459,907.3387451,907.6878662,984.0921021,983.3427124,980.5958862,983.755188,985.3883057,986.0874023,981.8245239,884.2662354,876.1241455,870.9263916,875.3019409,869.8406982,872.8902588,877.9994507,977.774292,983.5842896,978.4191895,981.6679077,977.6173706,973.5145264,978.242981
86,891.5405884,889.7943726,886.5993652,891.0860596,890.1196899,892.9882202,893.3366089,978.0602417,980.3511963,978.1066895,980.0480347,978.5239868,976.2967529,981.5961304,887.1381836,887.5337524,880.0571289,879.6977539,885.8960571,894.845459,889.5247803,969.053772,970.1559448,970.9724731,965.0150146,972.2747192,967.6678467,964.7941284,899.2178955,891.2212524,896.6036987,893.9938965,895.6726074,898.1954346,895.0761719,981.5824585,980.5231323,978.7667236,981.6385498,981.0697632,984.1624146,979.2009888,897.8093262,893.2565308,894.6640625,893.3182373,893.2642822,886.4684448,893.0535278,975.7259521,979.2719727,978.7313843,980.1912842,978.4845581,978.6373901,982.7650146,903.1461792,898.4450073,895.9609985,898.2764893,895.1478882,895.8710938,894.0400391,980.8668213,985.1168823,984.8574829,983.4855347,979.6601563,983.6936035,980.4515381,875.3770752,869.9630737,868.1704102,870.4866943,872.9333496,870.3459473,865.2852783,950.6206055,951.8792114,950.4522095,954.6888428,952.9991455,953.5604248,957.4193115,886.9620361,889.0534668,887.1888428,885.9301758,886.7091064,886.1355591,888.2689819,967.3550415,965.3291626,964.5137329,968.8225098,964.8619995,968.5817871,971.5834961,864.8190308,862.9697266,857.9820557,863.2921143,857.5525513,859.0883179,858.4190674,955.1455078,954.5802612,955.6812744,955.1981812,955.3307495,950.7701416,954.9048462,904.6842651,903.9168701,908.5241089,904.737793,906.7041016,905.6876831,905.2355347,983.4592896,984.8917236,978.2791138,979.796875,983.354126,981.6561279,981.8900757,870.741394,879.7797241,873.8857422,873.3825684,870.9015503,872.6918335,875.3347168,972.1017456,976.6484985,977.5627441,972.8151855,973.4068604,976.8143921,979.9225464
89,884.9567261,879.9801636,881.6826172,884.9051514,886.5118408,884.5293579,885.1484985,968.6207275,971.0384521,967.8706665,970.8083496,975.3925171,976.2579346,973.7597656,881.2879639,878.1124268,875.3780518,873.9783325,877.7772827,879.6890869,880.0372314,963.2462158,956.7166748,958.5147095,958.1426392,964.47052,958.8410034,957.7124023,892.1051636,888.7758789,890.7144775,889.8199463,890.5681152,893.3245239,886.7921753,968.7529907,971.7839966,971.8789673,967.2914429,974.4656982,968.6055298,973.9391479,894.7402344,882.9346924,890.4177246,886.281189,882.1263428,884.6507568,880.8088379,970.119812,979.9801636,972.3914185,969.1986084,971.6098633,968.5228882,971.8682251,889.321106,886.4036255,888.6849976,894.4384766,887.1379395,890.6717529,889.1569214,974.0612793,973.7817993,975.0559692,970.34552,970.8282471,979.6902466,971.0703735,864.6829224,862.8227539,859.6434326,858.8770752,861.2105713,862.1738892,858.895752,944.4041138,946.3439331,941.8331909,944.1015625,943.7790527,939.9284668,949.171875,884.2843628,882.4263916,883.0018921,878.9772339,882.9490967,882.4996338,875.4246826,957.1569214,957.4784546,950.5358276,958.8909912,959.4503784,961.7612915,960.6248779,852.3709717,854.0519409,852.5504761,852.9778442,855.3377686,850.9413452,850.678772,944.5723267,947.22229,945.6790161,942.4173584,944.9163818,938.7235107,943.1279907,897.0236816,901.3616333,899.319397,898.6218262,900.0795288,895.796936,898.0752563,978.4647217,971.7036743,971.6607056,971.1484985,973.078186,973.7874146,973.3164063,863.7576294,864.7014771,865.5415039,866.1348877,869.6447754,867.2039795,868.4678345,973.9956055,970.0184937,970.1618042,968.1989136,966.2238159,967.2771606,966.4389038
90,877.6849365,877.977356,875.3574829,880.5791626,885.046814,881.505249,883.2985229,961.7655029,964.3185425,967.5579224,964.2879639,967.2775879,966.6811523,962.5842896,872.3754272,873.0136719,872.5384521,871.5322266,875.4525757,882.9312744,882.5443726,955.3093262,955.2630005,953.6444702,955.1785278,954.5569458,952.6567383,950.1921387,883.6820068,882.1569214,879.5266113,888.2017212,882.8344116,884.2975464,881.1530762,967.4465332,966.7201538,966.7878418,969.8366699,965.4549561,967.6503296,969.9088135,879.0402222,882.6486816,877.6482544,882.3948975,876.807373,879.0401001,882.2942505,962.9429932,963.6599121,968.5360718,967.3981323,967.9061279,968.2592773,967.4719238,888.2848511,885.3900146,884.2497559,883.6725464,884.4255371,880.5969849,880.3633423,964.6463013,967.2865601,968.9172363,964.9716797,966.6303101,969.3228149,971.4703979,854.7593994,859.8024902,861.2305908,856.3371582,854.1948853,855.7987061,857.8485107,942.1914063,935.9993896,940.9525757,943.0189819,939.4853516,937.5692749,942.4558716,875.5995483,876.5587769,875.2469482,875.9249878,875.6252441,872.7814941,873.5241089,952.2169189,949.5762329,951.3255615,954.6682739,950.8685303,954.3699341,953.2866211,847.4335327,854.9055786,851.0618896,846.6275635,848.6668701,847.6807861,844.1306763,939.4586792,943.2130127,942.1157227,943.480835,938.687439,936.4658203,939.5197144,894.4118652,896.8766479,893.4498291,898.0491943,894.9869385,900.2458496,896.2850952,970.4118652,970.6942749,975.5988159,965.1296997,969.9115601,968.3237305,964.7845459,860.4988403,863.5699463,858.8076172,859.7305908,857.4362183,867.2686768,859.3964844,965.880127,966.0852051,962.2804565,958.0985718,962.1693726,961.7939453,965.7541504
92,870.6467896,868.3300781,864.1143188,872.1237793,869.4509888,875.2139282,873.4354248,956.7858887,958.2035522,957.5828247,956.5947266,955.8067627,952.3816528,958.8173218,865.3285522,861.1972046,852.9906006,865.9303589,863.3487549,868.6248169,867.854187,944.84198,942.7607422,942.4912109,942.4378662,943.7810669,942.9058228,943.0192871,874.7199097,872.2542725,873.5255127,873.0067749,877.0498047,870.9929199,876.5209351,957.8790283,958.87146,960.0031128,960.3997803,958.868042,951.8972168,955.9919434,874.9070435,875.1930542,869.6692505,869.4138184,869.1164551,871.2780151,866.4243774,955.7965698,957.2193604,958.901123,955.6146851,958.8574829,959.5709839,952.9417114,876.802124,875.5046997,876.451416,873.4969482,873.8477783,873.9185791,874.7366943,954.2276611,955.09021,955.5438843,956.0483398,953.6713867,958.3803101,956.0409546,848.0263062,848.3349609,846.6643677,847.526123,843.7145386,843.3179932,841.0180664,930.4627075,930.3100586,929.859314,930.8518066,934.6609497,931.0430908,928.989502,870.8668213,863.3498535,862.6144409,864.6704712,865.4677734,862.2713623,863.5205078,942.5143433,940.5593262,945.4718018,944.083252,940.0612793,942.2235107,945.4708862,839.2166748,840.6506958,838.7985229,841.9821777,835.8759766,836.5626831,840.6261597,932.0975952,932.0692749,931.5794067,925.8978882,934.1305542,931.6529541,931.8831177,883.3687134,885.5722046,889.4674683,883.3447876,884.5446167,880.0908813,887.3987427,956.0424194,962.0132446,957.9559937,959.3235474,960.1809082,957.117981,959.8585205,847.2769165,854.6584473,851.6227417,853.8632202,851.5283203,855.3430176,850.2015381,951.0099487,953.6405029,955.4869385,951.1791992,951.8838501,952.6213989,954.0707397
94,855.5371094,856.1412964,849.5795898,856.6087036,856.7359009,857.2689819,857.6008301,942.0078125,941.9765625,942.0307617,938.1703491,942.1513062,943.7508545,941.5822754,852.0939331,849.0586548,840.5426025,850.68396,851.0654297,856.9509277,854.460022,931.1293945,930.1603394,922.6401978,927.4842529,924.6011353,929.1506958,928.0872803,860.9115601,863.2996216,862.428833,856.7646484,863.8547974,865.2811279,860.5874634,944.0618286,943.4420776,941.4494019,937.2875366,940.3153687,947.5183716,941.4269409,854.4636841,856.7520142,854.6439209,854.4213867,852.4662476,857.4078369,851.0480957,939.1609497,944.9142456,937.7634888,937.3392334,936.8815918,940.6525879,938.8088989,861.1853638,861.8938599,858.7367554,861.3380737,862.4902344,863.8163452,859.9682007,936.0737305,943.8202515,943.2745972,943.364624,940.916687,942.1016235,938.5811157,832.2998657,837.7352295,830.409729,832.9165039,833.6246948,834.3023071,831.2148438,913.2425537,912.5628662,915.0189819,912.5187988,918.8773804,914.4387207,916.7339478,851.3673096,854.1828613,852.8596191,851.9440308,853.8602295,852.892395,852.4638672,919.7250977,932.0471802,929.4666138,934.560791,934.2331543,929.8735962,932.6611328,827.1501465,829.8511963,822.4675293,821.8554077,825.213562,826.4191284,828.3709717,917.1350098,919.3149414,913.2172852,914.9414063,916.6947021,915.7745972,915.7536621,869.7251587,869.9350586,870.3845215,868.4702759,873.1931152,871.0744629,870.772522,945.9902954,942.0835571,943.9574585,943.9441528,941.0133057,944.7258911,946.3197632,841.8870239,837.897583,838.9018555,840.3181763,840.5283203,840.0570679,837.3746338,940.0430908,937.9150391,938.5842896,937.7872925,930.7265625,935.1843262,940.7028809
95,846.9994507,845.1229858,839.326355,848.2747192,851.3947144,852.2260132,850.1248779,932.0354614,929.5095215,929.5513306,932.5584106,932.7938232,930.7303467,930.1397095,844.1702881,843.8399658,836.0718994,836.0889893,848.1972046,851.659668,845.7189331,919.0505371,920.4640503,919.6791382,917.0060425,922.0160522,921.3538818,921.979187,851.7869263,854.1468506,852.3555298,856.7356567,852.3245239,849.8806152,850.2736816,933.007019,934.22052,938.8008423,930.6251831,927.8742676,928.2554321,932.9880371,848.0565796,849.3017578,851.494751,847.138855,842.8448486,844.6140747,846.1897583,930.8375854,931.9638672,933.6981201,932.0789795,932.5634766,932.6752319,936.4385376,854.8925171,846.8902588,855.4769287,849.8610229,847.3481445,853.8041382,847.3356323,934.1880493,929.3722534,933.3712158,934.0846558,930.1327515,932.1002197,930.2062378,824.8012695,830.6275635,825.3803101,825.5731201,820.5524292,821.1315308,829.2694092,905.8792725,907.8904419,904.24646,904.3250732,908.12854,901.6693115,901.7260132,846.15625,843.3877563,842.8497314,843.5863037,844.8331299,842.7282104,840.1760254,922.1176758,918.0424194,918.8748779,919.7147217,920.8161011,923.8151855,921.151123,816.7370605,819.0664063,819.3230591,814.2763062,813.5311279,813.7213745,817.9042358,910.5543213,907.4067993,907.348938,910.7670898,906.9628906,907.1525879,906.0062866,860.5544434,858.5293579,860.3076782,862.697937,862.0841675,864.5930176,863.8529663,938.432251,935.5413208,932.1903076,934.6521606,934.3640747,930.4053955,930.3491211,830.3664551,829.8648071,828.2341919,832.4296265,834.7208862,834.8616943,831.5361938,926.5350952,929.8821411,923.3200684,922.520813,929.3480225,924.5084229,926.50177
98,819.5449219,827.1471558,818.5270386,821.3153076,822.8953247,825.2644653,821.2782593,895.9890747,899.1373901,902.0498047,903.5116577,904.3165894,897.28302,897.5577393,814.1695557,814.0441284,808.6530151,811.3522949,817.9719849,818.5967407,818.6408081,893.6990356,888.6172485,889.7716675,892.3046265,888.6962891,889.833374,889.1958618,822.5047607,819.1630249,826.7980347,823.5834351,826.5150757,824.5952148,825.7480469,900.6127319,902.2254028,900.2837524,899.2682495,900.9105225,898.0073242,898.8422852,819.1881714,820.6484375,818.3764648,819.7854614,818.2724609,820.5751343,818.65802,895.8509521,900.7139282,901.0628052,896.715271,899.7288818,901.9779663,904.8130493,825.8901978,821.87146,822.8362427,821.8483887,817.7509155,820.8032227,827.0553589,902.7314453,899.1589966,901.803833,904.1223145,900.6011963,904.1538086,900.0254517,796.9689331,797.859436,796.5061035,794.3010864,800.3064575,796.984314,799.7241211,877.2964478,872.8250122,877.4069824,873.5898438,875.824585,869.9854126,875.6881104,817.2779541,816.5057373,818.703064,817.0594482,814.3931885,814.0484009,814.7261963,889.3067627,888.137085,889.5371704,887.3852539,891.6368408,886.9421387,889.8388062,791.2280884,793.2944336,788.0081787,789.9058838,786.5158081,790.1762085,791.9273682,875.1210938,874.6012573,874.3268433,876.4195557,875.6942749,875.7388916,875.6063843,839.8423462,828.9174194,833.5984497,835.9351807,831.901123,837.1615601,828.8407593,906.6704712,900.4136353,903.9827881,900.0217285,898.8143921,898.0507202,902.2504272,801.7858276,805.444519,803.9071045,802.4443359,801.5397339,799.0262451,802.1490479,896.9072266,898.7662354,897.0269165,896.7832642,892.4464111,896.1600342,895.4396362
100,794.1030273,793.2036743,799.003418,800.8044434,796.3322144,796.09552,800.8062744,876.5455933,877.8262939,873.9524536,878.5023804,876.6575928,874.8740234,875.1726685,795.9353027,789.7423706,787.1079102,793.1973877,798.5733643,796.5404663,795.0483398,867.0623779,864.2618408,865.3097534,863.0098877,865.7248535,869.1572266,860.9933472,801.1147461,802.1859741,802.7252197,802.4801025,801.7289429,802.7521973,804.3885498,875.3154297,877.0109863,879.0560913,878.1991577,873.8591919,875.1297607,875.1072998,797.7134399,794.9870605,793.1711426,799.8109131,795.4829102,800.5753174,794.0808105,875.4267578,873.0819092,874.4953003,874.3447876,876.7802124,878.5922852,877.8049316,804.8822632,804.3218384,802.1793213,801.7677002,799.7631836,798.8428345,801.2553711,876.6775513,876.6470947,877.1251221,880.5356445,880.2197266,877.1583252,879.3484497,776.8330078,776.9139404,774.5377808,779.0944214,774.3270874,774.9777832,772.2495728,849.4229126,850.7989502,853.3608398,850.1691284,852.3366699,848.6663818,851.5845947,791.5611572,791.5301514,792.2199097,795.2199707,791.5735474,786.7567139,795.2733154,861.5787354,864.0267944,866.1494751,868.1749268,868.5112305,862.4580688,866.4779053,771.3511963,766.9353027,764.5007324,764.4960327,768.527832,766.6759644,766.3340454,858.1807251,856.9515381,852.2267456,849.414917,853.7991333,850.6570435,854.880249,808.3202515,810.8867798,809.1560059,809.3383179,812.4187622,810.4606323,807.5545654,875.6832275,879.0013428,877.2164307,874.6745605,876.9717407,877.5982666,877.2589722,781.1856079,779.0725708,779.4758911,779.1577148,777.5465088,785.9469604,783.3956299,871.0134888,874.2615967,872.3180542,869.2523804,877.2437744,873.5506592,872.3463745
101,783.0500488,782.0814819,786.1918335,788.2608032,787.2106323,784.8135986,785.727356,860.2565308,862.8439941,864.4528198,866.7434082,867.835022,866.0018311,862.199707,781.1921387,781.1008911,774.7492065,778.4066772,786.0146484,785.2077637,788.0019531,851.3444214,855.9539185,853.1616821,855.1060181,858.84375,856.6937866,852.0766602,788.2994995,789.8518066,790.628418,790.057251,788.1228027,789.7243042,792.1275635,861.9731445,864.3273315,865.6616211,862.9904175,860.9329834,861.8953247,862.7195435,790.0617065,781.5078735,784.4534912,782.9755859,788.2965088,784.9208374,784.5477905,862.0411377,869.395752,867.4827881,865.2433472,858.1348877,867.4192505,868.0344849,790.3711548,794.4412842,794.1727905,788.4207153,790.2900391,789.6724243,789.5819092,861.7001343,866.0310059,869.3686523,864.843689,864.4634399,863.4684448,864.9620972,760.6294556,761.2523193,760.9505615,764.0123291,765.0646362,765.7966309,768.3204956,840.2093506,842.3580933,842.0515137,840.5233154,836.881958,842.3330688,839.5910034,784.6373901,783.1589966,782.652832,781.1844482,779.0870361,782.2368774,781.4793701,849.8967896,852.3759155,850.2078247,852.7409668,852.6447144,853.7611694,851.3843994,756.0060425,755.9486694,756.6533203,760.151062,756.6330566,756.9718628,761.6992798,841.2391357,842.2540894,839.3673706,842.5244141,841.1194458,836.9367065,839.5352783,802.1911621,800.0748291,801.9625244,802.694519,801.6057129,799.5927124,799.3314209,866.3573608,864.9093018,865.1102295,865.8349609,862.3167725,863.2026978,865.9812012,769.2330933,769.274231,771.6295776,769.8353271,768.8388672,767.9196167,770.6246338,860.8049316,860.5132446,857.3860474,858.2695923,868.0149536,860.1785278,857.8980103
106,719.2734375,718.6935425,719.6317749,720.999939,721.2327271,717.4312744,722.0379028,790.0836792,790.2266235,794.1622314,792.6530762,793.225708,789.7244873,791.6575928,715.8043213,713.5148926,709.9990845,719.3722534,715.3847046,723.0478516,720.1395264,781.5783081,780.3032227,778.7108765,779.7310181,782.8655396,781.8946533,777.9042358,726.4237061,725.0241699,728.1957397,725.3573608,725.4248047,722.8231201,727.4130859,792.1121826,793.7337646,792.7493286,793.633728,792.1629639,789.9414063,790.8477173,721.1209106,721.597168,718.5628052,720.3400269,721.4163818,724.5181274,719.2897949,791.5881348,791.4870605,790.4212036,791.4899292,789.2872314,793.0021362,784.9542236,727.3932495,723.2220459,725.3892212,724.4587402,722.9909058,720.4914551,722.8044434,794.3353882,790.7773438,795.2804565,793.3685303,794.3533936,790.8069458,792.7421265,706.3153687,702.7947388,699.6854858,703.8285522,707.3450928,698.302063,702.7269897,767.6825562,767.5411377,767.4737549,770.7126465,772.7371826,768.8322754,767.3190308,716.473877,717.9988403,716.4784546,719.3189087,716.4172363,714.2745972,716.1613159,776.744751,779.9870605,781.8952637,783.0455933,779.1591187,783.2526855,777.9389038,694.0294189,695.4995117,691.694458,694.0389404,692.7282715,696.1103516,698.3175049,769.6288452,766.9266357,771.921875,770.8013916,770.590332,765.5713501,772.7134399,732.8739624,728.5738525,731.8687134,732.8007202,733.7268677,736.1486206,733.4542236,793.3743896,791.7863159,795.7296753,792.3609619,789.8526001,791.0498657,791.2748413,704.8447876,705.6333008,704.901001,702.4724731,703.5827637,705.4365845,711.5350952,789.6245728,790.8243408,791.1074219,788.1130371,787.4793701,788.1916504,786.1098022
110,662.6939087,661.1811523,659.3208618,666.2079468,666.5123901,666.8869629,665.3364258,727.4985962,732.656189,730.2196655,734.7351685,731.0149536,729.678894,730.0325928,660.5540771,658.6408691,651.9093018,657.0501709,662.8303223,664.1149292,664.8867798,720.7659302,719.7962646,720.7880249,723.6299438,722.8773193,721.1470337,721.5860596,671.1082764,669.5375366,667.6815796,667.619873,670.7754517,667.1798096,672.2293701,729.4223022,729.0942383,730.3365479,731.4032593,728.6364136,728.0838623,729.4597168,668.4237061,662.7924805,663.2915039,663.2512817,664.7342529,664.1383667,661.5360718,728.6965332,724.6481323,727.730957,726.7780151,726.9241333,731.7005615,728.4125977,671.5762939,669.3449097,667.3747559,671.3422852,668.0467529,670.0093994,670.6851807,729.1375122,733.9655151,729.8716431,733.0924683,730.9714355,730.9785156,729.0496826,645.303833,645.0477905,648.5471191,644.2894897,645.8475342,645.8881836,643.6914063,708.1283569,708.5848389,707.0333252,708.7606201,706.9494629,709.8760376,708.1481323,658.8899536,663.8903198,659.3933716,660.6513672,660.9431763,660.6353149,659.7006226,719.2689819,722.1989136,718.3399658,720.9291382,721.8360596,717.5198364,722.401062,641.2862549,639.6049805,640.5296631,638.7977295,641.3601074,637.4193115,633.3859253,707.3193359,709.8167725,710.1140137,711.3518066,712.4976807,712.8864746,710.4298706,676.5751343,674.5492554,675.9263306,674.3294067,676.5753784,682.065918,672.3800659,731.7608032,728.6767578,729.9572144,728.6890869,729.5524292,731.3442383,729.7247314,646.4343872,652.52771,651.272522,650.7139893,649.2778931,653.4806519,647.7230225,728.9431763,725.4005737,728.734436,727.4732056,727.9821167,725.5899048,725.1802368
